ID,Label
1032,joke
811,joke
536,joke
1212,joke
921,joke
560,joke
1093,joke
864,joke
1307,joke
755,joke
429,joke
886,joke
643,joke
367,joke
772,joke
700,joke
924,joke
923,joke
427,joke
1124,joke
410,joke
1222,joke
1318,joke
966,joke
377,joke
361,joke
1101,joke
1033,joke
405,joke
285,joke
86,joke
526,joke
266,joke
1218,joke
532,joke
1269,joke
1178,joke
1283,joke
415,joke
989,joke
1100,joke
1331,joke
730,joke
796,joke
630,joke
308,joke
1323,joke
296,joke
420,joke
602,joke
915,joke
1304,joke
88,joke
481,joke
850,joke
1276,joke
462,joke
1049,joke
1357,joke
374,joke
1220,joke
156,joke
458,joke
527,joke
1120,joke
1273,joke
506,joke
843,joke
1206,joke
626,joke
342,joke
912,joke
1111,joke
439,joke
778,joke
548,joke
963,joke
765,joke
101,joke
672,joke
221,joke
1188,joke
620,joke
819,joke
282,joke
932,joke
49,joke
198,joke
1266,joke
570,joke
423,joke
1199,joke
70,joke
178,joke
1063,joke
664,joke
934,joke
346,joke
490,joke
673,joke
812,joke
1128,joke
1316,joke
1156,joke
344,joke
670,joke
44,joke
147,joke
1073,joke
1349,joke
660,joke
170,joke
316,joke
1295,joke
210,joke
1366,joke
43,joke
1301,joke
128,joke
78,joke
551,joke
1313,joke
792,joke
140,joke
107,joke
1067,joke
859,joke
297,joke
839,joke
597,joke
571,joke
306,joke
32,joke
1348,joke
233,joke
422,joke
1141,joke
31,joke
914,joke
1358,joke
554,joke
542,joke
938,joke
1261,joke
788,joke
777,joke
1112,joke
76,joke
1121,joke
585,joke
413,joke
438,joke
109,joke
1191,joke
1370,joke
363,joke
638,joke
1181,joke
158,joke
430,joke
582,joke
965,joke
1146,joke
1258,joke
948,joke
867,joke
677,joke
1280,joke
196,joke
309,joke
371,joke
1007,joke
737,joke
810,joke
231,joke
723,joke
59,joke
936,joke
1242,joke
464,joke
312,joke
780,joke
1303,joke
54,joke
887,joke
493,joke
1105,joke
668,joke
888,joke
298,joke
931,joke
968,joke
425,joke
561,joke
352,joke
275,joke
394,joke
1252,joke
770,joke
1251,joke
289,joke
922,joke
81,joke
63,joke
566,joke
990,joke
240,joke
573,joke
339,joke
432,joke
1271,joke
813,joke
1330,joke
451,joke
756,joke
1311,joke
889,joke
590,joke
824,joke
184,joke
941,joke
247,joke
123,joke
666,joke
1287,joke
589,joke
1043,joke
237,joke
354,joke
849,joke
1363,joke
1046,joke
218,joke
348,joke
636,joke
1088,joke
743,joke
1302,joke
290,joke
529,joke
513,joke
615,joke
736,joke
1090,joke
351,joke
624,joke
29,joke
1340,joke
287,joke
708,joke
1047,joke
494,joke
916,joke
933,joke
209,joke
665,joke
650,joke
1083,joke
514,joke
894,joke
1008,joke
1360,joke
333,joke
254,joke
818,joke
327,joke
1231,joke
553,joke
869,joke
715,joke
1263,joke
1075,joke
988,joke